method,frequency_Hz,coarse_frequency_Hz,projection_energy,residual_energy,energy_fraction,detection_ratio,difference_from_fft_Hz,difference_from_projection_Hz
Full-length FFT coarse bin,1.99995000125179,1.99995000125179,24.7348164150283,400.153051736403,0.0582149274410744,0.061813389421111,0,-5.1613953611529e-05
Full-length sinusoidal projection / GLRT,2.0000016152054,2.00000333458512,24.768425883189,400.119442268241,0.058294029412865,0.0619025802464859,5.1613953611529e-05,0
Dense cos-sin correlation scan,2.00000161500202,2.00001000125179,24.7684258831901,400.119442268241,0.0582940294128676,0.0619025802464887,5.16137502284408e-05,-2.03383088148712e-10
