sheet,samples,dt,fs_hz,freq_hz,amplitude,phase_rad,phase_deg,offset,slope,residual_rms,snr_db,nearest_fft_freq_hz,nearest_fft_amp
单源故障,40001,0.009999999999990905,100.00000000009095,2.000000781232288,0.035190318295485516,1.5745860674437355,90.21713614462764,4.377676707533745e-05,-7.622096307446924e-07,0.10001364137096332,-12.083020849559553,1.9999500012517875,0.036156493817516365
多故障源,40001,0.009999999999990905,100.00000000009095,14.000019140159228,0.0400525623305305,0.11804994890077752,6.763763843749584,-0.0003383515434401942,4.935200306381907e-07,0.10258335975736184,-11.17923223267786,13.999650008762513,0.03968937490461589
