lag,autocorrelation
1,0.0915129442047535
2,0.014690824655777094
