iteration,coarse_frequency_Hz,refined_frequency_Hz,peak_grid_projection_energy,noise_median,noise_MAD_sigma,robust_threshold,peak_to_median_ratio,num_sources_after,cumulative_energy_fraction,residual_RMS_after
1,13.9996500087625,14.0000237573296,29.7966252523767,0.0137732998025699,0.0142770689406676,0.270760540734587,2163.36140790438,1,0.0708222397122613,0.102583331636347
2,7.99980000500715,7.99992857333502,12.2795727735408,0.0137557494664353,0.0142486828919528,0.270232041521586,892.686567424302,2,0.09817134792463,0.101062354281041
3,3.99990000250358,3.99999826922455,7.26304436896473,0.0137345729159747,0.0142365722854607,0.269992874054268,528.814722772856,3,0.114281417602854,0.100155608666797
4,12.9996750081366,13.0000886424239,2.02830420847397,0.0137345372754897,0.0142296103628005,0.269867523805899,147.679107624079,4,0.119151588464077,0.0998798736305645
