threshold_multiplier,num_sources,frequency_list_Hz,reconstructed_energy_fraction,residual_RMS
12,4,"4, 7.99993, 13.0001, 14",0.119151588464077,0.0998798736305645
14,4,"4, 7.99993, 13.0001, 14",0.119151588464077,0.0998798736305645
16,4,"4, 7.99993, 13.0001, 14",0.119151588464077,0.0998798736305645
18,4,"4, 7.99993, 13.0001, 14",0.119151588464077,0.0998798736305645
20,4,"4, 7.99993, 13.0001, 14",0.119151588464077,0.0998798736305645
24,4,"4, 7.99993, 13.0001, 14",0.119151588464077,0.0998798736305645
